{
  "description": "画一个水平圆形",
  "num_points": 5,
  "scale": 2.0,
  "flight_altitude": 5.0,
  "generated_directly": true,
  "goals_ned": [
    [
      2.0,
      0.0,
      -5.0
    ],
    [
      0.6180339887498949,
      1.902113032590307,
      -5.0
    ],
    [
      -1.6180339887498947,
      1.1755705045849465,
      -5.0
    ],
    [
      -1.618033988749895,
      -1.175570504584946,
      -5.0
    ],
    [
      0.6180339887498945,
      -1.9021130325903073,
      -5.0
    ]
  ]
}