{
  "description": "画一个水平圆形",
  "num_points": 10,
  "scale": 5.0,
  "flight_altitude": 5.0,
  "generated_directly": true,
  "goals_ned": [
    [
      5.0,
      0.0,
      -5.0
    ],
    [
      4.045084971874737,
      2.938926261462366,
      -5.0
    ],
    [
      1.5450849718747373,
      4.755282581475767,
      -5.0
    ],
    [
      -1.5450849718747368,
      4.755282581475768,
      -5.0
    ],
    [
      -4.045084971874736,
      2.9389262614623664,
      -5.0
    ],
    [
      -5.0,
      6.123233995736766e-16,
      -5.0
    ],
    [
      -4.045084971874737,
      -2.938926261462365,
      -5.0
    ],
    [
      -1.5450849718747377,
      -4.755282581475767,
      -5.0
    ],
    [
      1.5450849718747361,
      -4.755282581475768,
      -5.0
    ],
    [
      4.045084971874736,
      -2.938926261462367,
      -5.0
    ]
  ]
}