{
  "verdict": false,
  "metrics": {
    "num_points": 10,
    "centroid": [
      -0.048040640393884025,
      0.09794303113523592,
      -5.010000022618189
    ],
    "plane_normal": [
      0.0037332856763063155,
      0.001251040406090087,
      0.9999922487079395
    ],
    "fitted_center_3d": [
      -0.02214232001194291,
      0.056207341957229054,
      -5.010044495757898
    ],
    "radius": 3.6419475629108455,
    "residuals": [
      0.16723751712910184,
      0.6979628174858168,
      2.54698129997299,
      0.494910303123016,
      0.379481170696764,
      0.4731717032514182,
      0.495017938761666,
      0.385789557493172,
      0.11652300412311023,
      2.189811385318312
    ],
    "residuals_rms": 1.1321570433502193,
    "residuals_max": 2.54698129997299,
    "coplanar_max": 0.06847831260509155,
    "coplanar_rms": 0.04788748425632635
  }
}