{
  "verdict": true,
  "metrics": {
    "num_points": 10,
    "centroid": [
      -1.7763568394002506e-16,
      8.881784197001253e-17,
      -5.0
    ],
    "plane_normal": [
      0.0,
      0.0,
      1.0
    ],
    "fitted_center_3d": [
      -2.0564385556262168e-17,
      6.489805536746723e-17,
      -5.0
    ],
    "radius": 5.000000000000001,
    "residuals": [
      8.881784197001252e-16,
      0.0,
      8.881784197001252e-16,
      8.881784197001252e-16,
      8.881784197001252e-16,
      8.881784197001252e-16,
      8.881784197001252e-16,
      8.881784197001252e-16,
      8.881784197001252e-16,
      8.881784197001252e-16
    ],
    "residuals_rms": 8.426000324584082e-16,
    "residuals_max": 8.881784197001252e-16,
    "coplanar_max": 0.0,
    "coplanar_rms": 0.0
  }
}