{
  "verdict": true,
  "metrics": {
    "num_points": 10,
    "fitted_center": [
      -5.488530985960951e-09,
      -1.9990602062591734e-08,
      -5.000000014770324
    ],
    "radius": 5.000000002139821,
    "residuals": [
      1.9967698605682926e-09,
      6.383317874281147e-09,
      4.326253133513092e-09,
      1.1739320626702465e-09,
      6.652909334547985e-09,
      5.98763794101842e-09,
      1.0284465723486846e-08,
      1.1265379740166281e-09,
      7.94345567101118e-09,
      3.2266624927501653e-09
    ],
    "residuals_rms": 5.705178281294502e-09,
    "residuals_max": 1.0284465723486846e-08
  }
}