{
  "description": "画一个水平圆形",
  "num_points": 10,
  "scale": 5.0,
  "flight_altitude": 5.0,
  "goals_ned": [
    [
      -0.6622144342323143,
      3.8112066129451883,
      -5.050000023175915
    ],
    [
      3.208305932183296,
      -2.8420870081840754,
      -4.950000020577742
    ],
    [
      -1.1172603319343974,
      0.052827318095421225,
      -5.05000003057093
    ],
    [
      -3.2963328551209674,
      2.584499912765544,
      -4.9500000205544925
    ],
    [
      -2.61515538198187,
      -3.017786173408191,
      -5.050000030465253
    ],
    [
      4.0603309550987445,
      0.5725418924284067,
      -5.050000021265264
    ],
    [
      -4.140673672358767,
      -0.3317744330163105,
      -4.9500000106969315
    ],
    [
      2.323640685753311,
      3.3302119946507296,
      -5.050000021915129
    ],
    [
      0.34452522880494546,
      -3.4501331229383214,
      -5.050000027416638
    ],
    [
      1.414427469849179,
      0.2699233180139674,
      -4.950000019543596
    ]
  ]
}