{
  "description": "画一个球体",
  "num_points": 10,
  "scale": 5.0,
  "flight_altitude": 5.0,
  "goals_ned": [
    [
      -4.685376197567052,
      -0.9631688806020094,
      -3.5441306092197404
    ],
    [
      4.583714729445101,
      -1.9245999216900662,
      -5.534298063330995
    ],
    [
      -2.1955836988501503,
      3.6676769243553076,
      -7.593753692747232
    ],
    [
      -0.9884006141078681,
      -4.771316559761481,
      -6.1214288907355625
    ],
    [
      2.8928072697552825,
      3.558816365018761,
      -6.991605387567472
    ],
    [
      -1.8101855798216826,
      3.531778548668201,
      -1.9586568427556363
    ],
    [
      2.912500934896978,
      1.5893900511965642,
      -1.2595217568321697
    ],
    [
      -0.7697937974641433,
      -2.8503261056531604,
      -0.9647727927467367
    ],
    [
      1.6409159545804268,
      -1.2226210365327908,
      -9.562082079215578
    ],
    [
      -3.5655559408022763,
      -0.9755441803136564,
      -8.36676767122363
    ]
  ]
}